empresa	empleado	clave_empleado	fecha_aportacion	monto_aportacion	movimiento_id
AEROVIAS DE MEXICO SA DE CV	CATALINA CARRILLO ROMERO	217414	2021-12-29	50000.0	2283650
AEROVIAS DE MEXICO SA DE CV	CLAUDIA CASTRO CIDDELPRADO	490608	2021-05-17	90000.0	2159577
AEROVIAS DE MEXICO SA DE CV	DALIA SANDRA ROMERO RAMIREZ	238103	2021-03-01	65000.0	2141642
AEROVIAS DE MEXICO SA DE CV	DALIA SANDRA ROMERO RAMIREZ	238103	2021-02-24	30000.0	2141638
AEROVIAS DE MEXICO SA DE CV	DEL VILLAR IRVING DEL TORO	92291	2021-10-20	9000.0	2240437
AEROVIAS DE MEXICO SA DE CV	DEL VILLAR IRVING DEL TORO	92291	2021-10-20	10000.0	2240436
AEROVIAS DE MEXICO SA DE CV	DEL VILLAR IRVING DEL TORO	92291	2021-10-20	80000.0	2240435
AEROVIAS DE MEXICO SA DE CV	EDER FROYLAN PEDRAZA TINOCO	352106	2021-05-31	90000.0	2205483
AEROVIAS DE MEXICO SA DE CV	EDGAR RODRIGUEZ PIÑA	159519	2021-05-04	45000.0	2156360
AEROVIAS DE MEXICO SA DE CV	FERNADO GARCIA DIAZ	326288	2021-08-17	90000.0	2224665
AEROVIAS DE MEXICO SA DE CV	FERNADO GARCIA DIAZ	326288	2021-07-29	90000.0	2220998
AEROVIAS DE MEXICO SA DE CV	FERNADO GARCIA DIAZ	326288	2021-07-19	90000.0	2217417
AEROVIAS DE MEXICO SA DE CV	GABRIELA PEÑA FLORES	410707	2021-06-17	10000.0	2210241
AEROVIAS DE MEXICO SA DE CV	ITZA LORENA  MORALES GALVAN	44015	2021-09-23	200000.0	2234369
AEROVIAS DE MEXICO SA DE CV	JOSE ANTONIO MEZA RUIZ	158195	2021-03-08	115000.0	2144802
AEROVIAS DE MEXICO SA DE CV	JOSE GUADALUPE CAMPUZANO SILVAR	849497	2021-05-28	95000.0	2160689
AEROVIAS DE MEXICO SA DE CV	LORENA YANETH MARTINEZ ULIN	109711	2021-04-27	90000.0	2154381
AEROVIAS DE MEXICO SA DE CV	MARIA ELENA GARCIA SOLANO	960798	2021-08-27	30000.0	2228063
AEROVIAS DE MEXICO SA DE CV	MARIO ALBERTO  MUÑOZ AGUILAR	218814	2021-03-09	90000.0	2144801
AEROVIAS DE MEXICO SA DE CV	MARISOL PINEDA ZARATE	886997	2021-05-21	50000.0	2160682
AEROVIAS DE MEXICO SA DE CV	OLIVIA MENDOZA HERNANDEZ	957498	2021-05-18	1000000.0	2159576
AEROVIAS DE MEXICO SA DE CV	RAMIRO ROMO GUTIERREZ	744394	2021-07-30	5000.0	2224660
AEROVIAS DE MEXICO SA DE CV	RAMONA MARIA ISABEL MENDOZA PEREZ	961398	2021-10-15	500000.0	2240496
AEROVIAS DE MEXICO SA DE CV	ROBERTO ORTIZ SEGURA	295305	2021-03-18	25687.82	2147951
AEROVIAS DE MEXICO SA DE CV	SANTOS OMAR MENDOZA GOMEZ	75200	2021-03-01	55000.0	2141643
AEROVIAS DE MEXICO SA DE CV	VERONICA CARBAJAL GONZALEZ	339905	2021-09-22	200000.0	2234370
AEROVIAS DE MEXICO SA DE CV	VICTOR MANUEL SEVILLA MUNGUIA	232898	2021-12-23	2816.51	2291520
AEROVIAS DE MEXICO SA DE CV	VIOLETA YOKEBED ZARCO DELGADO	231003	2021-05-07	30000.0	2157574
AEROVIAS DE MEXICO SA DE CV	YOLANDA ALDAY TORRES	13899	2021-05-25	120000.0	2160681
AM DL MRO JV, SAPI DE C.V. (TECH OPS)	CARLOS JORGE  SALAS MARTINEZ	285716	2021-02-24	2447.92	2141635
AM DL MRO JV, SAPI DE C.V. (TECH OPS)	JUAN LUIS  ACOSTA BRAVO	10000778	2021-06-19	9285.98	2216209
AM DL MRO JV, SAPI DE C.V. (TECH OPS)	VICTOR NOE SANCHEZ SANCHEZ	64207	2021-04-07	20000.0	2149912
SINDICATO	ROSA BERNAL ALVAREZ	5	2021-10-07	6000.0	2236396
SINDICATO	ROSA BERNAL ALVAREZ	5	2021-07-13	20000.0	2216210
